[
{
  "id":"1",
  "name":"닉 우스터",
  "images":"https://i.pinimg.com/564x/ed/58/63/ed58637200a682beae2ace20acd7d092.jpg",
  "back":"https://i.pinimg.com/564x/c4/96/5d/c4965d30eae5f9c4c08a0f256f99492b.jpg",
  "comment":"Hello! This is a test Message!"
},
{
  "id":"2",
  "name":"문가영",
  "images":"https://image.jtbcplus.kr/data/contents/jam_photo/202301/28/de0216be-671d-4150-b7c4-8265afdbe53a.jpg",
  "back":"https://i.pinimg.com/564x/de/b1/e8/deb1e85e71d20462fc6046016054ef81.jpg",
  "comment":"사랑의 이해"
},
{
  "id":"3",
  "name":"Jenny",
  "images":"https://i.pinimg.com/236x/e6/c9/8b/e6c98b9debaa165dc2852cebff1bb275.jpg",
  "back":"https://i.pinimg.com/originals/4d/ca/ef/4dcaef1d07636c4fcbfbd22811620752.gif",
  "comment":"Hello! This is a test Message!"
},
{
  "id":"4",
  "name":"오해원",
  "images":"https://i.pinimg.com/564x/c8/3e/33/c83e338fdcaac2794c17b48ceeca04ff.jpg",
  "back":"https://i.pinimg.com/564x/a9/1c/63/a91c633aa3b93ccbede9989808face1e.jpg",
  "comment":"Hello! This is a test Message!"
},
{
  "id":"5",
  "name":"React",
  "images":"https://lessipe.com/file/course/15561812324742.png",
  "back":"https://cdn.pixabay.com/photo/2015/12/04/14/05/code-1076536_960_720.jpg",
  "comment":"Hello! This is a test Message!"
},
{
  "id":"6",
  "name":"Rich",
  "images":"http://res.heraldm.com/content/image/2020/08/25/20200825000719_0.jpg",
  "back":"https://cdn.pixabay.com/photo/2018/04/24/13/34/golden-3346988_960_720.jpg",
  "comment":"Hello! This is a test Message!"
}
]